course_code,faculty_id,semester,enrolled
CSE201,F01,2024-Autumn,44
CSE305,F02,2024-Autumn,57
CSE340,F03,2024-Autumn,37
CSE310,F01,2024-Autumn,61
ECE210,F04,2024-Autumn,55
ECE330,F05,2024-Autumn,45
MTH202,F06,2024-Autumn,39
MTH301,F06,2024-Autumn,58
CSE201,F01,2025-Spring,68
CSE305,F02,2025-Spring,62
CSE340,F03,2025-Spring,55
CSE310,F01,2025-Spring,48
ECE210,F04,2025-Spring,43
ECE330,F05,2025-Spring,62
MTH202,F06,2025-Spring,54
MTH301,F06,2025-Spring,63
CSE201,F01,2025-Autumn,43
CSE305,F02,2025-Autumn,36
CSE340,F03,2025-Autumn,36
CSE310,F02,2025-Autumn,63
ECE210,F04,2025-Autumn,54
ECE330,F05,2025-Autumn,58
MTH202,F06,2025-Autumn,62
MTH301,F06,2025-Autumn,44
CSE201,F01,2026-Spring,61
CSE305,F02,2026-Spring,36
CSE340,F03,2026-Spring,53
CSE310,F02,2026-Spring,45
ECE210,F04,2026-Spring,66
ECE330,F05,2026-Spring,53
MTH202,F06,2026-Spring,44
MTH301,F06,2026-Spring,7
